{
  "name": "MyApp view",
  "type": "DEFAULT",
  "default": true,
  "public": true,
  "onlyUuid": false,
  "oskari": {
    "application": "servlet",
    "page": "myapp",
    "development_prefix": "/applications/sample"
  },
  "selectedLayers": [
    "mylayer.json"
  ],
  "bundles": [{
    "id": "openlayers-default-theme"
  }, {
    "id": "mapfull",
    "config": {
      "mapOptions": {
        "maxExtent": {
          "left": -180.0000,
          "bottom": -90.0000,
          "right": 180.0000,
          "top": 90.0000
        },
        "units": "degrees",
        "srsName": "EPSG:4326",
        "projection": "EPSG:4326",
        "resolutions": [0.500, 0.250, 0.125, 0.063, 0.032, 0.016, 0.010, 0.007, 0.003]
      },
      "globalMapAjaxUrl": "[REPLACED BY HANDLER]",
      "imageLocation": "/Oskari/resources",
      "projectionDefs": {
        "EPSG:4326": "+title=WGS 84 +proj=longlat +ellps=WGS84 +datum=WGS84 +no_defs"
      },
      "plugins": [{
        "id": "Oskari.mapframework.bundle.mapmodule.plugin.LayersPlugin"
      }, {
        "id": "Oskari.mapframework.mapmodule.WmsLayerPlugin"
      }, {
        "id": "Oskari.mapframework.mapmodule.MarkersPlugin"
      }, {
        "id": "Oskari.mapframework.mapmodule.ControlsPlugin"
      }, {
        "id": "Oskari.mapframework.mapmodule.GetInfoPlugin",
        "config": {
          "ignoredLayerTypes": ["WFS", "MYPLACES"]
        }
      }, {
        "id": "Oskari.mapframework.wmts.mapmodule.plugin.WmtsLayerPlugin"
      }, {
        "id": "Oskari.mapframework.bundle.mapwfs2.plugin.WfsLayerPlugin"
      }, {
        "id": "Oskari.mapframework.bundle.mapmodule.plugin.ScaleBarPlugin"
      }, {
        "id": "Oskari.mapframework.bundle.mapmodule.plugin.Portti2Zoombar"
      }, {
        "id": "Oskari.mapframework.bundle.mapmodule.plugin.PanButtons"
      }, {
        "id": "Oskari.mapframework.bundle.mapmodule.plugin.FullScreenPlugin"
      }, {
        "id": "Oskari.mapframework.bundle.mapstats.plugin.StatsLayerPlugin"
      }, {
        "id": "Oskari.mapframework.bundle.myplacesimport.plugin.UserLayersLayerPlugin"
      }, {
        "id": "Oskari.mapframework.bundle.mapmyplaces.plugin.MyPlacesLayerPlugin"
      }, {
        "id": "Oskari.mapframework.bundle.mapanalysis.plugin.AnalysisLayerPlugin"
      }, {
        "id": "Oskari.mapframework.mapmodule.VectorLayerPlugin"
      }],
      "layers": []
    },
    "state": {
      "east": "0",
      "north": "0",
      "selectedLayers": [],
      "zoom": 1
    }
  }, {
    "id": "divmanazer"
  }, {
    "id": "toolbar",
    "config": {
      "viewtools": {
        "print": false
      }
    }
  }, {
    "id": "infobox"
  }, {
    "id": "statehandler"
  }, {
    "id": "search"
  }, {
    "id": "metadatacatalogue"
  }, {
    "id": "layerselector2"
  }, {
    "id": "layerselection2"
  }, {
    "id": "coordinatedisplay",
    "config": {
      "roundToDecimals": 6
    }
  }, {
    "id": "metadataflyout"
  }, {
    "id": "personaldata"
  }, {
    "id": "publisher"
  }, {
    "id": "maplegend"
  }, {
    "id": "userguide"
  }, {
    "id": "myplaces2"
  }, {
    "id": "printout"
  }, {
    "id": "analyse"
  }, {
    "id": "myplacesimport"
  }, {
    "id": "featuredata2"
  }, {
    "id": "heatmap"
  }]
}