{
	"srs_name": "EPSG:4326",
	"type":"wmslayer",
    "url":"http://irs.gis-lab.info/",
    "name":"landsat",
    "organization": "My organization",
    "inspiretheme": "Others",
    "locale": {
        "fi": {
            "name": "OpenStreetMap WMS Landsat"
        },
        "sv": {
            "name": "OpenStreetMap WMS Landsat"
        },
        "en": {
            "name": "OpenStreetMap WMS Landsat"
        }
    },
    "role_permissions": {
        "Guest" : ["VIEW_LAYER", "VIEW_PUBLISHED"],
        "User" : ["VIEW_LAYER", "VIEW_PUBLISHED", "PUBLISH"]
    },
	"version": "1.1.1"
}